Africa/Abidjan	148	d2efac4e5f23d88c95d72c1db42807170f52f43dd98a205af5a92a91b9f2d997
Africa/Accra	1060	7346770dc7af569c724fd1ce816d7149ffdff3e303420059faa1557cc959e115
Africa/Addis_Ababa	185	fc87a606ec2e31f061a7806193472eb39181dd3b1a8a3563f404992bc693a77b
Africa/Algiers	735	bda1698cd542c0e6e76dfbbcdab390cdd26f37a9d5826a57a50d5aab37f3b2a6
Africa/Asmara	204	65af76431c1dd400e1ada6687e648e0fba1f80138acccdf7987cd3e1cd01b199
Africa/Bamako	208	a212ea76ad201e8a956438bd008cd333ead81dac3ebcd2df4fcddc5b0f59165e
Africa/Bangui	149	a72ce103a74d3432bfd869efa0276a8eb4f83398f93d94e922f793b9ef7beaef
Africa/Banjul	216	f511d8d1785320b80330d02f1d8ff3a6619f71f09539a73daba97f91cf630f5e
Africa/Bissau	194	223bb10cfe846620c716f97f6c74ba34deec751c4b297965a28042f36f69a1a9
Africa/Blantyre	209	de96b327c8198764a41bc035efd36b63075f618e7db479ebf451226a54d4bd42
Africa/Brazzaville	149	4680eb49f8aa6b167969f6e27221d859792357cefe0285eb03f60725db664d57
Africa/Bujumbura	149	c880a655aba172cecd4ae8eddd5f8d4cdde07686f00223e4adcc086dad320e7e
Africa/Cairo	2399	2dfb7e1822d085a4899bd56a526b041681c84b55617daee91499fd1990a989fb
Africa/Casablanca	1188	7afc58ec07f958681092ef0aed65c4d7c6204c0436d3e3e590684ef804d8b140
Africa/Ceuta	2052	0b0fb6fe714319b37c5aa22c56971abb2668a165fc8f72a6c763e70b47c7badf
Africa/Conakry	208	93b62b3d76c1d4a477d84d232c576f9b9f21e428a42635db94eaca2c59b7b2ec
Africa/Dakar	182	40733be9374ab5a9bd38be2be2664e538f97a265bbe7d898a6167d3800cb228b
Africa/Dar_es_Salaam	213	4fc4f312a5287024c7f8473d753b6d1bcde396138d778adf5fce60dddcc9b53f
Africa/Djibouti	149	b92bac77f2dd9edd59397c0315e116fd0dc4fbc1ae6cd266687a2822877959f1
Africa/Douala	149	3b014a5d1cbee2524ae309a895cbe0fe47da87c12016fe8cc2562ac79906590b
Africa/El_Aaiun	1030	3321ba0892153b406a27570fa89a9049d3552b41fdc1d8c5412deef57f557895
Africa/Freetown	464	77d05b2ed586a9d22f6e4a791ec0634256dc919faac6279bdb7db388a9c1f67b
Africa/Gaborone	235	3ca27c9dd26ccfd118a270eaee39195154cd63f15700d14de650bf7493cec628
Africa/Harare	149	22720486f3e24b8e4b4f746afd2e0020f22d3a6c055b79579457e3efc2373ee5
Africa/Johannesburg	246	6c1bcc752668e77585a308ae8543bd0bccd8e813865626e809bf94f3fe3d977e
Africa/Juba	679	5159c8a843c9c072d3302fabe6a6501cdbfda29a1856c29dabeb5aff95d4c3f4
Africa/Kampala	251	5e23eb14b36a74840f4490a272ffc7b1f271a5829a349015f878ddb2bf34d9aa
Africa/Khartoum	679	318583a09dc070222d65d029a1e3a0b565830f1aaec13a27e6fe533863fbd3ea
Africa/Kigali	149	8cd9c1bb40c4452e61520a9dfc9a409a67109bad6f41f413c786998d00cbc9cf
Africa/Kinshasa	149	7ae6d0e96d674a4c232cb01faf61a954340d84ea92a71a63ebd060e1c67d8c08
Africa/Lagos	235	cffeb0282ccbd7fba0e493ff8677a1e5a6dd5197885042e437f95a773f844846
Africa/Libreville	149	44575c7c30a1281ec495adb7a404888ed4d7e41c0234f13767ae7b1a1458be73
Africa/Lome	148	5b031c585ed04311c7c7c14b2ee23ba49cb22ded8ddee8adffc9f14de68d2ba8
Africa/Luanda	187	c87aa48fc0f0043c6d101335acc8c7ab4ffc2707c14a8f5b1d6d1abf3bdec69a
Africa/Lubumbashi	183	ed509eccb6e51d5cd529388c57692a641a5b9313233897a1bfabdb612a415c04
Africa/Lusaka	149	fac7c446a8dcddffc75a7dca5c762444f74df9f83c70cc505b138db85242dea4
Africa/Malabo	183	8d17cee7263820e7a14499ba087cd792f4f4b358bb4c874f24c42537ce975704
Africa/Maputo	149	444ed3a710414bc6bf43eb27e591da49d3be3db153449a6a0c9473f7e39fdbcb
Africa/Maseru	192	be0b75733f8dfc6ff35bd69c3d0f94abc72e1d6897c81f53d0ba7da1d72227b6
Africa/Mbabane	152	b0b8a11ab3cc1a97295b0bcde33b1129de82616b2f83987687926e100d3adf91
Africa/Mogadishu	213	cf5c8032414fd86bdafddb2cdfd6813730f7ec4a08cb92b22a5f1403490fa7e2
Africa/Monrovia	208	f95b095b9714e0a76f7e061a415bf895cbb399a28854531de369cee915ce05d5
Africa/Nairobi	265	c89b2e253a8926a6cecf7eff34e4bfcdb7fe24daff22d84718c30deec0ea4968
Africa/Ndjamena	199	f13dc0d199bd1a3d01be6eab77cf2ddc60172a229d1947c7948a98964608d0a3
Africa/Niamey	217	78a49cb93c76e4f036933c36ace93e46ea1d7ccf58c7b086dd8f1c5eb441a400
Africa/Nouakchott	208	7fde47dac81d3d51ed1bf257f8834faa4da20d4ba1d85b824f86bf2cd79ac801
Africa/Ouagadougou	148	fe2dc2c6ab2ef71c41bb3542802a3c18a2d657befa39f3e61321c12677d16caf
Africa/Porto-Novo	183	30a8a8c8c9337afff37986d7c36afe814c8b56cb75e958dd89bca1ef6dff731d
Africa/Sao_Tome	254	31d8f1a50dbaf2ecc9ed9c7566ba0552d454c2ab09e85ff263701857d157c352
Africa/Tripoli	625	5b5769b460fbd13ee9a46a28d1f733150783888a749ee96d2cd3d5eba3300767
Africa/Tunis	689	38554c10ce1e613d84cf46deba1114093488a5c165756c6c576b84a1364850d2
Africa/Windhoek	993	639c868f5284fdf750a11e21b9aa6a972cb48596c8afbc8f949d8efeb6128d1c
America/Adak	2356	201d4387025000a6e13c9f631cb7fccd6e4369dec7224052f9d86feb81353a53
America/Anchorage	2371	a190353523d2d8159dca66299c21c53bc0656154be965e4a2e0d84cfd09b113b
America/Anguilla	148	434fbfb6b97c6d6ef4a036030bb901a49c74b7a4df8b6e0a1dcfd3cedf8a1fc1
America/Antigua	182	d63c0dde8af51ad22539678225d3f58c760f0f8971dc5e43783644853087b14e
America/Araguaina	884	929a628b2b6649079eb1f97234660cdebf0d5549750be820bb4f2cf7f4edf9ca
America/Argentina/Buenos_Aires	1076	9ed9ff1851da75bac527866e854ea1daecdb170983c92f665d5e52dbca64185f
America/Argentina/Catamarca	1076	7621f57fdea46db63eee0258427482347b379fd7701c9a94852746371d4bec8d
America/Argentina/Cordoba	1076	d57a883fc428d9b3d1efdd3d86b008faa02db726e6c045b89acec58d903961fc
America/Argentina/Jujuy	1048	e474744e564589fc09e672d39a0ef25978024f1f664616a17ece3f5aaef4c0e6
America/Argentina/La_Rioja	1090	65ffc4dda905135614b7d319e31c5b4673aba766c7d43f818ec73448b15f4725
America/Argentina/Mendoza	1076	e43262618790a5c2c147f228209b64e3722cc0978661ac31e46ca4b33b89f8dc
America/Argentina/Rio_Gallegos	1076	4fded6003c2f6ba25bc480af88d414b7fee2c3d73e9e5a08e10242b1c10d49c9
America/Argentina/Salta	1048	013c34b91eaccd628fb3a8f3767eab7af4bb5310970f6e8e44aea3966b232f5f
America/Argentina/San_Juan	1090	aa55baf776b44e7a1fcbe45d71506e598dc3bd34c6c56c1c61d294dd8f7ca57f
America/Argentina/San_Luis	1102	59875cae8e7e15ef8de8b910b0ac31ff5b55a339a7069e7c0ced7e049b36b2ea
America/Argentina/Tucuman	1104	c2c8e0d5ae4033574fda08ebd75da4defb79e2dadc38e33f4ad17be31cef0497
America/Argentina/Ushuaia	1076	f79e3c56fabf929c3f357e6ceb9bd8b886eabf0195f8f071ab099cadf94b2345
America/Aruba	186	e05ef0b458a717e7c83d8bc16c50e3a74a719fb5f3725b1c4fe7569a1b07fcfc
America/Asuncion	1658	a9e3a3a4b284bb3ed45dabfb7b1df7e14c482e835c7b5856ab6cdfbf1ef4c709
America/Atikokan	336	e1af781ad3c751d43edac773f568a7b0a9fd57f4223385e6163e3c1533cc7920
America/Bahia	1024	7262e448003320d9736065c1a800c4537b8f800f52e67b7ea75015dd9cbce956
America/Bahia_Banderas	1100	32fad7189e4bcda1ce7a0b89ab1b33c63c4c85569f1956e4fa88d711ceff6042
America/Barbados	436	8a66be42bae16b3bb841fbeed99d3e7ba13e193898927b8906ee9cdb2546f4b1
America/Belem	576	ff6e7c85064b0845c15fcc512f2412c3e004fa38839a3570257df698de545049
America/Belize	1614	a647cb63629f3dc85b7896b5a56717996030a7866546fc562d57b35e7adb930b
America/Blanc-Sablon	298	b5537964f9883b7bdcdff6b2a3083aa9bbe385e838389b43153f72f08b96df7e
America/Boa_Vista	632	5785553a4ac5515d6a51f569f44f7be0838916603943142b72d6ad4c111bfa1b
America/Bogota	246	afe3b7e1d826b7507bc08da3c5c7e5d2b0ae33dfb0d7f66a8c63708c98700e24
America/Boise	2410	ec742c34f262521790805cf99152ef4e77f9c615c061a78036a0ec9312b3d95b
America/Cambridge_Bay	2254	ff8c51957dd6755a4472aa13ea6c83ecd7930979e7f4e624fe21f4d3a6f050ba
America/Campo_Grande	1444	e41044351dfff20269e05fd48f6451927bd173824958d44f9d953d13bb5bf102
America/Cancun	864	11d574370d968cced59e3147a2ae63b126cbbae13b78fd4e13be2eb44c96246e
America/Caracas	264	d8da705cf12d42423cd96099b905875dfeba54200371ac0ca5f84a4ecb80d31e
America/Cayenne	198	6ad55b5b90a1262290feafb7905b3e0cb4d365af69b64887926265ab8017a18e
America/Cayman	182	8a2ab69b8045ea3681c799a08704335f1111f7373e21f4ee08e8ae84eb408fc9
America/Chicago	3592	feba326ebe88eac20017a718748c46c68469a1e7f5e7716dcb8f1d43a6e6f686
America/Chihuahua	1102	dcd8336de760f00cc0ab1b1b4121b48d5471f8bc58970d62de4c7e63397ed887
America/Ciudad_Juarez	1538	8abe1bdbb0e216b84bd07e1f650f769c46be041a0f7cb588cf7a61537ef77601
America/Costa_Rica	316	ef8ad86ba96b80893296cf4f907a3c482625f683aa8ae1b94bb31676725e94fe
America/Creston	208	74d39aef5420436779ba1edc97ec5999efbcbb79cc47d189ecf4a4b562033914
America/Cuiaba	1416	33416c47c4fdb388c54aecc3f108baa6ab5be917f6353cf254728666b9f9ea7e
America/Curacao	186	646108ca5019e62cbfac806c5d112d1ff65f5912242c8f5d4233ff108ca7dec6
America/Danmarkshavn	698	6116407d40a856d68bd4bf8c60c60c1f5c3239a5509df528fe0167bcc5d2bb3c
America/Dawson	1614	ac01e1cae32eca37ff7b20364811bbe8c4417ff7e3ff18b9140ba2595420261c
America/Dawson_Creek	1050	6895c2c8fe23de0804e3018237e2eb4bd8690ffe73587cd04de4802935843d43
America/Denver	2460	32e819c00a43b3c348f539d700d425504f20b8d068c16418d26fa9b693e775c9
America/Detroit	2230	85e733f32a98d828f907ad46de02d9740559bd180af65d0ff7473f80dfae0f98
America/Dominica	148	7e7db465be161ee7c531100137bf880f3acee56b1874e20661be218ae48f0a8c
America/Edmonton	2030	b5e3d3820009abc262c82a3ebfa9261dd12fc210f77322ef121067b040866587
America/Eirunepe	656	a52f741d9cd1c07e137fcba098a1df8a9857ef308fa99921ff408d6fe7c43003
America/El_Salvador	224	82f18df0b923fac1a6dbfaecf0e52300c7f5a0cb4aa765deb3a51f593d16aa05
America/Fort_Nelson	2240	7ab7ce0ebdc3ad2a73eb990074eed3b367466d9c6f75d10fea0c78057df2d89d
America/Fortaleza	716	9884ee32b44b4535b2a22174e0ecbf519f20c59a1f4e95c36e533cb7b721ed28
America/Glace_Bay	2192	1bc0c62c609aa47fda60217f3a168be50a277fb14e02000fc1e94ee61b425817
America/Goose_Bay	3210	26068bb9e8214af5f683bdb914e7c882982fb2ac591b29163a1019586a506516
America/Grand_Turk	1834	e1838510f2bad017a5dbf7c2b18eaf499c5470c24a8e22adc8e7ff4349211305
America/Grenada	148	c9885c70cded8b2588d77c3834a38a148e0836ccfa5c5e7e2bc25f6033aae7bb
America/Guadeloupe	148	add9720f2ed382210e7a64178c261615160071b7d576af02633317deae9cc702
America/Guatemala	280	76e81480277a418e76c87907b943f88d15b3a39c78dfd2108a06980af105e3a4
America/Guayaquil	246	3db705e1bbc6026f9a17076d18fa2d272de46f8370a325b0c60c0bf7c05e5160
America/Guyana	262	89c1eed182c2261c24f43e3b7f85420478277b1eb21ab638245b6391f308783b
America/Halifax	3424	4d9a667393f05a82df4df42843f6f7535ec113689529278d911d07a3c99b4e7f
America/Havana	2416	1d441e02e281b04908e522d98eaca75c808e51539a8e42b3287e6bf8ebf939d7
America/Hermosillo	388	8b160a7acb4b992ee05a86e4f4aaba16d2d9a35caa6d601cb6b1542a5bb372dc
America/Indiana/Indianapolis	1682	90d2b2f4a8fd202b226187c209b020833300edec5ff86a463ccc685e8707532c
America/Indiana/Knox	2444	0acbd9e412b0daa55abf7c7f17c094f6d68974393b8d7e3509fb2a9acea35d5f
America/Indiana/Marengo	1738	7f7b50fa580c49403b9ef9fae295e12ad24bee65b319a8e809e81ae4c10949b2
America/Indiana/Petersburg	1920	03cf0e1ee334460de230b1e32a05eafddda36427554b2b5442cfbd5b429c1724
America/Indiana/Tell_City	1700	e1d5aa02bf58d815df2f8a40424fbcd5cde01a5d9c35d1d7383effc09861867f
America/Indiana/Vevay	1430	1fb551d86fbfb03fc2e519b83f78358910b515608f8389b43060f73f53cbcec9
America/Indiana/Vincennes	1710	eb6980c53ec03c509aa3281f96713374ea5ef9fb96d7239b23a9ba11451c4bb0
America/Indiana/Winamac	1794	69918cda347c087f411d252aed7ca08b078377a768ad72cf5e0db8e97b1b47ab
America/Inuvik	2074	e89fa66a90e7ae4f40d4bb6cc28137e2da92cbfb9f79d70404dc62c64ac48c8a
America/Iqaluit	2202	7de3a7c40374374afe335aa592b03824cc9ac28734b6a69ed2288108f0c0b389
America/Jamaica	482	c256a089e50f45fe7e6de89efa1ed0b0e35b3738c6b26f2f32cf2e7f6f29c36f
America/Juneau	2353	93b8716f46864677e713e0c18b72e472303344fc807f4fc7c34bd515f8c679bd
America/Kentucky/Louisville	2788	b4fd3bdb157f9ffbc8423c71709efb0067868fac8bd4a3e99f77f089db3d8355
America/Kentucky/Monticello	2368	2ed7720a8f3906b5d0b3aae51fad589bef0aa961c7e8fc003a30f44318487733
America/Kralendijk	186	646108ca5019e62cbfac806c5d112d1ff65f5912242c8f5d4233ff108ca7dec6
America/La_Paz	232	3c0185d9553f40ec36c53d42a9da763fc023f615cc55694207257b72f7c843f9
America/Lima	406	2470c283de6ec3a044bb86b819fca2926d6cf2b9bc02c60f1bc749c5040d645b
America/Los_Angeles	2852	68977bb9ad6d186fefc6c7abd36010a66e30008dcb2d376087a41c49861e7268
America/Lower_Princes	186	646108ca5019e62cbfac806c5d112d1ff65f5912242c8f5d4233ff108ca7dec6
America/Maceio	744	a738cd82199e1e1bc5e1a237703ab61bfe6def505234621b4401793662720e6c
America/Managua	430	c41cc5d350079f61367c3f10772f831c57b7e94aa878da4a3df0a176e04a59d9
America/Manaus	604	969e91964717250ee64ac2aa9c4802f2cbc956b143264ff5eb1c6f7e9352a4ae
America/Marigot	148	d7b813d9e39530528917fb32a700cfb9d905c061228eb45f90153e68adc52fad
America/Martinique	232	7ccb3cd24394d9816f0b47fdcb67a37bdec9780b536016a65eb9e54ee9cd2f34
America/Matamoros	1418	7eaf8fa9d999ad0f7c52c1661c0f62be3059bf91840514ceb8b4390aee5a8d6f
America/Mazatlan	1060	0561f636a54f0353ecc842cf37fd8117c2a596bb26424aa0d5eba3b10be79f1f
America/Menominee	2274	02bbfd58b6df84d72946c5231c353be7b044770969d3c1addf4022c46de0674e
America/Merida	1004	4953441c26b38e899fb67b8f5416b2148f84f884345a696e1df4e91cfd21dddd
America/Metlakatla	1423	b709a27864d563657e53c9c5c6abf1edab18bfc1958de59d2edace23b500a552
America/Mexico_City	1222	528836f85316cf6a35da347ab0af6f7a625a98b7a8e8e105310477b34c53c647
America/Miquelon	1666	c1e3fb359fc8c508ace29266314768a6211b28e217c2457b2d3c6e9e0cdbf06d
America/Moncton	3154	5a6bfe6e4f5a28a7165b33a9735505bbaec739fc1a224d969a1dcb82a19cb72b
America/Monterrey	1114	622c5311226e6dfe990545f2ea0df6840336811e065d73ea394e2dbf42f7906d
America/Montevideo	1510	e237204de80ae57f05d32358ce4fb7a32499e14f57434f546d327f9a5bbc37bd
America/Montserrat	148	c5048b50bdc8f0e2e1ca4643fea2eda2375c64df32c6d4ca7d36bf23e5165df7
America/Nassau	2388	304a41fcbd71dd49f0c2a8cec0da83bc27e04183ce9e10768dec0bc223b15788
America/New_York	3552	e9ed07d7bee0c76a9d442d091ef1f01668fee7c4f26014c0a868b19fe6c18a95
America/Nome	2367	da2cccdfe3fe3ea27dcdae8c761cc57ccbcf14dabb1a29baf6d02f1303de636b
America/Noronha	716	dd1e252d5f238394a58e10b9395542939d58efb11f8e8eb309efa8a6983f145a
America/North_Dakota/Beulah	2396	aad81ba8dbbc3370241c5da7fbfa12a6cd69613e12c607256e490f29b5da047b
America/North_Dakota/Center	2396	f5959b2bd60a92ab942f2054152dcbaff89dc5bb7b57bcb85b810ed0a9f6d2cc
America/North_Dakota/New_Salem	2396	0c7fdbb107ee5272b6a1b75bd3a2a08ac3b85cbaa1b75d815ddae052c659bde8
America/Nuuk	1903	d10822ffacf8c01b25cee6d99f0f862eea713a894818a9f1a3b63353519c4202
America/Ojinaga	1524	6f7f10ffb55d902673695c1bece5ee75d8a1240cd428f4d3a97726a419b59ed1
America/Panama	182	91ac80fe976931c490d058c8ce8b5d71ffa6d4961f6ca13ea9c153f0b0bccea0
America/Paramaribo	262	1e6e6d0f05269e84eb4d43c43b8580adf485ef8663cb0544a1ccb890be751730
America/Phoenix	360	8a5973d2c62e2cbf2520f2b44e4a2ee9d2f455c93f0f45bfdeb4533af1584664
America/Port-au-Prince	1434	d3d64025de083a23297dda54b85d54e3847f851b7a06fa409055ce9d83bdc8e3
America/Port_of_Spain	148	d7b813d9e39530528917fb32a700cfb9d905c061228eb45f90153e68adc52fad
America/Porto_Velho	576	6517f380612edba86797724fb6264b3921468ff58149b38a7622c2d712327397
America/Puerto_Rico	246	8491e557ff801a8306516b8ca5946ff5f2e6821af31477eb47d7d191cc5a6497
America/Punta_Arenas	1916	dfd2c88e86a8399349656b1820dfd061d842e1caea6c2e8b5abc683d6761f441
America/Rankin_Inlet	2066	9d782a8cbdced815747a6f9793ca9545165bfd7d324261c4eaf9924af23d2b37
America/Recife	716	8a314dd99cd97b9a0161d97c020dd2c261a38f625e558617d95a3bebb836b3a2
America/Regina	980	ca3a93d3ca476c80987bcdc7f099ad68306f085a91bfb4dfcdedd8f31b97ba4c
America/Resolute	2066	0a7314d9d048fbadefb7cf89d10d51a29c7ef1bf694422e386faf270c21e7468
America/Rio_Branco	628	d7ba27926f0ffd580c904ae32bdaebd2ac0d9e2eeaa7db6071467dde0de5b4eb
America/Santarem	602	1a5fe5237a4f679ed42185d6726693a45a960c0e6b7ba6c78759d6b3f674f8d7
America/Santiago	2529	ef9d2bf24112c65671eea391722ad6ae2cbf5f2f6ed5fcee8cc2c860780bfa01
America/Santo_Domingo	458	0cab5a123f1f43ddb26c84d3594e019b5eb44bda732665156e36964677a7c54e
America/Sao_Paulo	1444	70edd519e90c19d49fd72e1ffd4824a433117acdbafa5d68194a038252225108
America/Scoresbysund	1949	75a39cf7fa0b8f250c4f8453d43588fbcc7d0e0ae58be81e2d45ce8891292c96
America/Sitka	2329	6a24bb164dfb859a7367d56478941e17e06a4cb442d503930a03002704fc5310
America/St_Barthelemy	148	d7b813d9e39530528917fb32a700cfb9d905c061228eb45f90153e68adc52fad
America/St_Johns	3655	af5fb5eee2afdbb799dc9b15930fc32d941ba3ac2f8eeb95bbb0b6a43b263a02
America/St_Kitts	148	afc412c84fb12ae86faca5a8e0878cbf91c32dd3c4b7485ead82d4533d0059f6
America/St_Lucia	182	236ae9122a1b4b1cc9f8e7a2f59dcf167198b208d5cc058bea4642d60a2d94de
America/St_Thomas	148	5b1f38380e227d9d815400286437a6fbdd8ef838e724683db5f4655a6f351553
America/St_Vincent	182	3549bddd8952b7e47d6a5d04d501d522521e3380e3b04e864cf13b661f5ffdef
America/Swift_Current	560	45128e17bbd90bc56f6310fc3cfe09d7f8543dac8a04fecbbbcd1abd191f3c36
America/Tegucigalpa	252	1333b3ee7b5396b78cabaf4967609c01bf0fb3df15f5b50c378f34b693c8cb0e
America/Thule	1502	f31b8f45a654f1180ee440aa1581d89a71e2a1cf35b0139a8a5915bbc634da2f
America/Tijuana	2906	8c2e7b321726e6345912da396796bdb3672bfc4bd1a91c65ee58b38e004d4ca5
America/Toronto	3494	a587a1a1607439f7bac283e1815f2bdbafb9649a453d18e06c2e44e6996d888f
America/Tortola	148	2630eeb7e722f660ef4df14899437b18d2cbc092f66304427c0538257a08bda2
America/Vancouver	2590	e182e20ec67c46a7dd0aedb3d45fb1395edcb14ff2af2ac694a5776b307bed31
America/Whitehorse	1614	4eb47a3c29d81be9920a504ca21aa53fcaa76215cc52cc9d23e2feaae5c5c723
America/Winnipeg	2868	ecffbf610ae77857289fb40a4933a79221a3129a450e7dd9e3c309d6aabc541c
America/Yakutat	2305	b45c2729bbf0872ca7e0b353027e727bf2560ddc6309eacd0edee83b05303b63
Antarctica/Casey	437	f8c45f27605f5b7f12c009a914042a53ad991ac268056fc49b61a093d620be52
Antarctica/Davis	297	e8fa24c8e69a212453375dec8acb8681db79bc6e40d98a8da282697cb4dbe524
Antarctica/DumontDUrville	194	83c1d02d8f9a377a7a6b3fb4e0a74739d65816737fffef25b4746e63d7905fe2
Antarctica/Macquarie	2260	89eed195a53c4474e8ad5563f8c5fc4ad28cab1fe85dfe141f63d4aa9cdcc1ed
Antarctica/Mawson	199	f535b583fcf4b64e447de07b2baf55268f1a80eefe2bd67159b8aa34a9d464d1
Antarctica/McMurdo	1993	bfcb3bf057d9b44e1c5fab524e1493c8c05f24fcd78785de5ec9a06e9733a322
Antarctica/Palmer	1418	0d6fc35c1c97839327319fb0d5b35dbbc6f494a3980ff120acf45de44732126e
Antarctica/Rothera	164	4102359b520de3fd9ee816f4cfeace61a3b0c69e178cc24338a33d4850d43ca8
Antarctica/Syowa	165	56799d572a5d25486c070d57b97644704408166a22aa861c76997c86ddfb4206
Antarctica/Vostok	227	fd919da6bacf97141ca6169c92cf789f6a6e5a7c816564b5a9f17b329124355d
Arctic/Longyearbyen	2228	51d0844618f5258a71de88e68a5691a32568478a8c035f8f12fea11b09e9b090
Asia/Aden	165	74f10e9f2d5a1d2bb1f0fb84ff35029d1e0dea924ce40ce1828dd3bfd2f7dad9
Asia/Almaty	997	0027ca41ce1a18262ee881b9daf8d4c0493240ccc468da435d757868d118c81e
Asia/Amman	1447	5fd1b785b66b85d591515bc49aaf85e05e94a1c4156698f0a2b6c17eee93d9f6
Asia/Anadyr	1188	8430d3972e397a3a1554ff40974ed398aa5300234625a20f95c5cb45bb06ff88
Asia/Aqtau	983	0397b164ddb9e896a01494dc6ac81d0ab43c8223aa6761053115580564daa990
Asia/Aqtobe	1011	2d0ecfe4b1047bb8db59b8eabf398cefd734a3a01d65e084c504be7ce5a9f32c
Asia/Ashgabat	619	2f80d85769995b272c61e1c8ca95f33ba64d637b43f308e0c5f3d1d993d6dba7
Asia/Atyrau	991	dee128f3d391c8326a43f4ed6907487fd50f681f16a88450562d2079e63d8151
Asia/Baghdad	983	9503125273ae8a36dca13682a8c3676219ef2ad4b62153ff917140cde3d53435
Asia/Bahrain	237	e7bfd6ad48c4aa065512cc0835a11e40ed127e12168c28e429e25c96cbdf3dcf
Asia/Baku	1227	be11e796268e751c8db9d974b0524574bca7120d0773423e22264d7db0de09b3
Asia/Bangkok	199	798ab4be1f3d3758f4ebd511a10bed06ed277446a5e853ebb5b17c58228aa43c
Asia/Barnaul	1221	d9cd42abc5d89418326d140c3fcc343427fb91a2c3acf66d1a7e0ce622596c9a
Asia/Beirut	2154	fd9ff664083f88bf6f539d490c1f02074e2e5c10eb7f590b222b3e2675da4b6a
Asia/Bishkek	983	768ff8922d49bd22aea54aef973f634641eca4385dbe4d43d88901c85b248c93
Asia/Brunei	203	04c323c04999f6b32836959f83c22b94b8516cc29b756e3ca5a75117e146a257
Asia/Chita	1221	e0808e7005401169cff9c75ffd826ed7f90262760f1b6fef61f49bb8d23e5702
Asia/Colombo	372	1c679af63b30208833ee4db42d3cdb2ad43252e9faec83f91efb19ae60096496
Asia/Damascus	1887	fb90ce2ad6329e7b146189c13108a7dd7b2d850f58e651bebdd9e20fde6d2037
Asia/Dhaka	337	dcae6594685ca4275930c709ba8988095bfb9599434695383d46f90ed171f25e
Asia/Dili	271	9d4384e3039ac9fc4b4d9c3becc8aa43802f9ccecd8e0b20bbb82fb1ba227f61
Asia/Dubai	165	fa06b49b7b9af58ea4496444cf6fd576d715024abcdd6ad6defc63048ed6346b
Asia/Dushanbe	591	15493d4edfc68a67d1ba57166a612fb8ebc0ec5439d987d9a90db0f3ca8cc7a3
Asia/Famagusta	2028	085adcca077cb9d7b9c7a384b5f33f0f0d0a607a31a4f3f3ab8e8aa075718e37
Asia/Gaza	3844	b7463171440be7754d2a729b2a28e7d0e13f31aaf21329e89da6ec7be893b73b
Asia/Hebron	3872	e98d144872b1fb1a02c42aff5a90ae337a253f5bd41a7ceb7271a2c9015ca9d4
Asia/Ho_Chi_Minh	351	e23774e40786df8d8cc1ef0fb6a6a72ba32c94d9cb7765fb06ed4dfd8c96065e
Asia/Hong_Kong	1233	6a5fcee243e5ab92698242d88c4699ceb7208a22ee97d342d11e41ebd2555a17
Asia/Hovd	891	2549cea2cecf3538b65512b10fa5e7695477369ba1b17fcf8b5f2b23355ed71c
Asia/Irkutsk	1243	894259095063a5f078acd2893abea0d33519b5c718624fc6934c13925c7c623d
Asia/Jakarta	383	4ef13306f4b37f314274eb0c019d10811f79240e717f790064e361cb98045d11
Asia/Jayapura	221	8a1cd477e2fc1d456a1be35ad743323c4f986308d5163fb17abaa34cde04259b
Asia/Jerusalem	2388	254b964265b94e16b4a498f0eb543968dec25f4cf80fba29b3d38e4a775ae837
Asia/Kabul	208	89a97b4afc1e1d34170e5efd3275e6e901ed8b0da2ed9b757b9bab2d753c4aaf
Asia/Kamchatka	1166	a4103445bca72932ac30299fda124c67f8605543de9a6b3e55c78c309ed00bae
Asia/Karachi	379	881fa658c4d75327c1c00919773f3f526130d31b20c48b9bf8a348eda9338649
Asia/Kathmandu	212	4d4796eeb0d289f3934ac371be8f628086197c621311951ffb4123825c910d6b
Asia/Khandyga	1271	5d8cc4dadb04e526b2f698347070d090413d693bb2da988548b006c7f77e7663
Asia/Kolkata	285	e90c341036cb7203200e293cb3b513267e104a39a594f35e195254e6bc0a17cf
Asia/Krasnoyarsk	1207	9f3470e0f2360222bf19ef39e1bf14ed3483c342c6432ddc6b962e38e5365f02
Asia/Kuala_Lumpur	415	1a414f6514a08b0bdc3253e926d12e4445cd2d12f0d82be067ab4c8eae63e5bb
Asia/Kuching	483	2ac02d4346a8708368ce2c705bb0a4a2b63ed4f4cb96c8fb5149d01903046134
Asia/Kuwait	165	012915ba833940360fc0c411e0798174be07bebfbeea2c77a8ceb7884a609107
Asia/Macau	1227	32f02447246cac0dabd39d88b65c85e5b8761617918c8d233f0834b88887d989
Asia/Magadan	1222	72ac23290b7c4e5ce7335c360decc066ecf512378e7cbc4f792635f62f7391f4
Asia/Makassar	254	3a126d0aa493114faee67d28a4154ee41bbec10cdc60fcbd4bfe9a02125780ec
Asia/Manila	422	f314d21c542e615756dd385d36a896cd57ba16fef983fe6b4d061444bbf1ac9e
Asia/Muscat	165	b955876fbfc5248022f0037c730ce8c17ac58c5bd46701e20364c3f24745ab61
Asia/Nicosia	2002	d149e6d08153ec7c86790ec5def4daffe9257f2b0282bba5a853ba043d699595
Asia/Novokuznetsk	1165	bd019ca8a766626583765ef740f65373269d9e8a5ed513c9e2806065e950bbdd
Asia/Novosibirsk	1221	0292f7b36d075f6788027a34dc709ad915dd94ba2d55bf49be7665ed6d6c334d
Asia/Omsk	1207	c316c47ac7deedd24e90d3df7ea4f04fac2e4d249333a13d7f4b85300cb33023
Asia/Oral	1005	88c8ea0f82ef0e0cb1375e6fec2ab211d043c8115a3a50a1c17d701f3d898954
Asia/Phnom_Penh	295	acbe7662c323fd5d10cf906013321fd67f4c451c7436f4acc8d5717f70ccbcad
Asia/Pontianak	353	8a7397c2e2ad8cabf5cff7a588f65222a8d2b7ac21b6ec613de1b56298d4fc14
Asia/Pyongyang	237	ffe8371a70c0b5f0d7e17024b571fd8c5a2e2d40e63a8be78e839fbd1a540ec1
Asia/Qatar	199	574ac525d2c722b4e82795a5dbc573568c3009566863c65949e369fbb90ebe36
Asia/Qostanay	1039	f76633d7074fa667abc02f50d5685c95e2023102c3c1c68d8550ae36c09e77b5
Asia/Qyzylorda	1025	6a2491c70a146d0f930477f6c1cc9a3a141bf3a8f78d0a57c1c41a48f9c0b705
Asia/Riyadh	165	aeaf4a3e3f25d050679ca9fddd690c780d489e036d4f3939fe8578b04661738c
Asia/Sakhalin	1202	f7901d3f03a049ed20f70771ebb90a2c36e3bd8dc5b697950680166c955ca34c
Asia/Samarkand	577	0417ba1a0fca95242e4b9840cafbe165698295c2c96858e708d182dfdd471d03
Asia/Seoul	617	2c8f4bb15dd77090b497e2a841ff3323ecbbae4f9dbb9edead2f8dd8fb5d8bb4
Asia/Shanghai	561	64ffc2e43a94435a043c040d1d3af7e92d031adc78e7737af1861baa4eeef3e6
Asia/Singapore	415	739e349e40a3e820c222f70c4c9d55810b65987ffb14e494d08b145ed3445711
Asia/Srednekolymsk	1208	d039655bcab95605c4315e5cfe72c912566c3696aebcd84d00242972076a125d
Asia/Taipei	761	0cc990c0ea4faa5db9b9edcd7fcbc028a4f87a6d3a0f567dac76cb222b718b19
Asia/Tashkent	591	2d2fb24f1874bf5be626843d23a7d8f8811193bba43e6a2f571d94b7ff9bf888
Asia/Tbilisi	1035	c3a50dc60ca7e015554c5e56900b71a3fbbb9e7218dba99a90a4399d18227ddb
Asia/Tehran	1262	a996eb28d87f8c73af608beada143b344fc2e9c297d84da7915d731ba97566b4
Asia/Thimphu	203	ba26bca2be5db4393155466b70bc248db4f3f42ed984bab44f88e513862fbaf4
Asia/Tokyo	309	a02b9e66044dc5c35c5f76467627fdcba4aee1cc958606b85c777095cad82ceb
Asia/Tomsk	1221	efb6207492f111344a8d08e76871dfe78c4102a372c130f0410999e6fe80ab6f
Asia/Ulaanbaatar	891	bb2412cc8065d1fd935c7ae6526dd53ecd42f6ba34d77858980971eb25238776
Asia/Urumqi	165	0045c32793f140e85e3d9670d50665f7c9a80cd6be6d6dc8dd654d4191c13d80
Asia/Ust-Nera	1252	2406614403dd6ce2fd00bf961ce2fc6998f1759c4b9860cd046302c3d4cab51f
Asia/Vientiane	323	8bfb2a6f1f2d1eb19da3f4c8898fe59ae2cb41aab690954857e95bf9d9cdaae6
Asia/Vladivostok	1208	5a892182d8f69f0523f7dda1ed2c9f07f7d134700a7cf37386c7ffa19a629bc7
Asia/Yakutsk	1207	455088979d84bccae9d911b6860d9c8c34abf5086cb1c6804fe355f35c70ef37
Asia/Yangon	268	647b97f97547afc746263acf439716edbf23414bf78a1c9df95ccde78e6694c0
Asia/Yekaterinburg	1243	37355cd8388f7b2c3415d307c123d0245f64dedbd676dac44d988de7ca72c4b9
Asia/Yerevan	1151	934587b56416fdc0428dc12ff273f4d5c54f79354395fd7c950d3fbba7229f5a
Atlantic/Azores	3456	5daae581a2cbfa4926b50ac964e31f453141d0d3803ca4a4eea06a993d53c76f
Atlantic/Bermuda	2396	2cd18a7ccb2762fc089a34f2cd7acb84c3871c3bbba88ebb45b60d2afbc8d792
Atlantic/Canary	1897	ca62bdb9faa986f3630cade1ce290de067e4711dd07820623cac9573a16395b0
Atlantic/Cape_Verde	270	11242f13775e308fa5c7d986d3224b12c157e4a465fbb73a803e4eda1d199bd4
Atlantic/Faroe	1815	3626dd64f66d6a99d847f9b22199cc753692286b0e04682e8e3d3f4f636f033b
Atlantic/Madeira	3377	4cac333702082b0d818dede51b57dde86e68f3e2fcb6d897a20d5b844ecdcc46
Atlantic/Reykjavik	1162	99291a4411992de52b9bcf0478771a5a711ddf95a7f808361b5d07b48dc6d9f8
Atlantic/South_Georgia	164	419ef67d12a9e8a82fcbb0dfc871a1b753159f31a048fba32d07785cc8cdaeb7
Atlantic/St_Helena	182	a6dfe04a0d3889bca9b71df65370184b41c8a83efb4eb1222da544478d0f6d5d
Atlantic/Stanley	1214	7b128c2f0f8ff79db04b5153c558e7514d66903d8ebca503c2d0edf081a07fcc
Australia/Adelaide	2208	95dd846f153be6856098f7bbd37cfe23a6aa2e0d0a9afeb665c086ce44f9476d
Australia/Brisbane	419	796e90cf37b6b74faca5e2669afb7524ccdb91269d20a744f385c773b254b467
Australia/Broken_Hill	2229	de4ff79634ef4b91927e8ed787ac3bd54811dda03060f06c9c227e9a51180aa4
Australia/Darwin	325	7e7d08661216f7c1409f32e283efc606d5b92c0e788da8dd79e533838b421afa
Australia/Eucla	470	2f112e156c8cb1efdc00b56d4560a47fab08204935de34382575bc9366a049df
Australia/Hobart	2358	18b412ce021fb16c4ebe628eae1a5fa1f5aa20d41fea1dfa358cb799caba81c8
Australia/Lindeman	475	c4ce94771db6a0b3682d1d58ec64211ce628bfc9f0df140daa073f35543624ae
Australia/Lord_Howe	1860	2ee7f42f1fe2247ba1de465de0bc518dfdfab4b179fb05b650531534a353ee08
Australia/Melbourne	2190	96fc7f31072e9cc73abb6b2622b97c5f8dbb6cbb17be3920a4249d8d80933413
Australia/Perth	446	025d4339487853fa1f3144127959734b20f7c7b4948cff5d72149a0541a67968
Australia/Sydney	2190	42c3857585b16db2f8ffd47ba19faa60f473340de8d4fe9320ea7be861605906
Etc/GMT	114	6d9f378883c079f86c0387a5547a92c449869d806e07de10084ab04f0249018d
Etc/GMT+1	116	d50ce5d97f6b43f45711fd75c87d3dc10642affa61e947453fb134caef6cf884
Etc/GMT+10	117	244432432425902d28e994dd7958d984220e87a70ae5317b1f4d0f925b3eb142
Etc/GMT+11	117	b56bdcbd830509a13ad27255bc3aeba2feecb49becd4a4183b2ae1977773714b
Etc/GMT+12	117	6fbd0712112babc2099aaf31edc399cb8791fffddfab9b871e98ef3c1107a8c0
Etc/GMT+2	116	4fa129e7386c94129b61a10215407a8142a1de24d93f23285b59238689f1ad4a
Etc/GMT+3	116	406a18ac4d386d427e3b32f7eddb763194f917158d2e92433d55e025bb2d6190
Etc/GMT+4	116	456ae43648bec15ed7f9ca1ed15bee7c17ba2eb595a643c98226b94106049c1a
Etc/GMT+5	116	a1199e0b8d5d8185d3fb3cf264844a5cdf48bdd2f60dae674eec261b6fe9ac80
Etc/GMT+6	116	77a7409f089e8f2148da7ec0cc59455b4685013eb360d123048106d2ebb4b1b4
Etc/GMT+7	116	4ea8d86f3774607a71d708ac160d3c275f704e983aced24b2e89e0658fe5a33b
Etc/GMT+8	116	b61ffc6c832662044f09eb01adb981851af48d03bbc2177bd0b898f477f02729
Etc/GMT+9	116	42ae44ea2512ec9309232993ed8a2a948f0cb6ab55cb49abf6deb3585b5673d6
Etc/GMT-1	117	ef7175794f2e01018fde6728076abdf428df31a9c61479377de7e58e9f69602e
Etc/GMT-10	118	7ca5963702c13a9d4e90a8ed735c3d2c85c94759934c3f8976f61f951cb522b5
Etc/GMT-11	118	0f64bbf67ea9b1af6df7fdaf8f9c08ac5a471f63892dc08a3fabedc3315920d6
Etc/GMT-12	118	99ee15ea599623c812afc1fb378d56003d04c30d5a9e1fc4177e10afd5284a72
Etc/GMT-13	118	c5b99b1b505003a0e5a5afe2530106c89c56e1adedea599ac1d3ca004f2f6d1f
Etc/GMT-14	118	3e95e8444061d36a85a6fc55323da957d200cd242f044ed73ef9cdf6a499f8a7
Etc/GMT-2	117	bdeea158b75eba22e1a9a81a58ba8c0fa1cdc9b4b57214708ee75f4d9d9b6011
Etc/GMT-3	117	37bee320b6a7b8b0d590bb1dba35d94aef9db078b0379308a7087b7cc5227eca
Etc/GMT-4	117	2d2928e5f547a8f979cdfc231aa91b31afce167beda53ea8ff8c58c4dcfd9f9a
Etc/GMT-5	117	b8b69247931bd7c1d14ec000e52bde63d3c027dedd3bc433216a8d5dedf065be
Etc/GMT-6	117	25237e454029849e747e922fedc602eae9ebb6bcfd4b55a66bea620c79467bb7
Etc/GMT-7	117	bd500e17cc54f53f444a7c3af1cd12157a5cbe4a28a5a8b04d1d336de7c71d25
Etc/GMT-8	117	4bbc4541b14ca620d9cb8bf92f80fd7c2ae3448cf3a0b0b9a7c49edb7c62eeeb
Etc/GMT-9	117	239bc736650af98ca0fd2d6c905378e15195cc1824b6316055088320a3b868c2
Etc/UTC	114	8b85846791ab2c8a5463c83a5be3c043e2570d7448434d41398969ed47e3e6f2
Europe/Amsterdam	2910	a70f079e056dddb53942b473bbbd2a3a67faf5323292592096f554b5ef67b4aa
Europe/Andorra	1742	8130798c2426bc8c372498b5fef01c398ba1b733c147a457531f60555ea9eae8
Europe/Astrakhan	1165	cb0b732fdd8a55fa326ce980844f5e1ea98c72f2599b96f48ece460dd5882444
Europe/Athens	2262	5c363e14151d751c901cdf06c502d9e1ac23b8e956973954763bfb39d5c53730
Europe/Belgrade	1920	3a95adb06156044fd2fa662841c0268c2b5af47c1b19000d9d299563d387093a
Europe/Berlin	2298	5ee475f71a0fc1a32faeb849f8c39c6e7aa66d6d41ec742b97b3a7436b3b0701
Europe/Bratislava	2301	fadd1d112954ec192506fb9421d7a22a80764fe4ae7b2eb116290437fec33167
Europe/Brussels	2933	812f55aeb6e8cde9ddf4786e15eb4256b21e82cf5f5d28da1bad17d94570cac0
Europe/Bucharest	2184	9df83af9b5360fa0cc1166fd10c2014799319cdb1b0d2c7450a7c71ff673a857
Europe/Budapest	2368	94dc2ac5672206fc3d7a2f35550c082876c2fd90c98e980753a1c5838c025246
Europe/Busingen	1909	2b9418ed48e3d9551c84a4786e185bd2181d009866c040fbd729170d038629ef
Europe/Chisinau	2424	7b4941ae82ed7958f8897d198bf937e7ccf5460065caca2728e2a471cb3e9d93
Europe/Copenhagen	2137	abb8806e477bcbd42f6c08ba5c664450e4f034309161646ef55402c54ad9d355
Europe/Dublin	3490	75b0b9a6bad4fb50a098ebfffb8afdf1f0ffe6a9908fdd3d108f7148b647c889
Europe/Gibraltar	3068	6bced6a5a065bf123880053d3a940e90df155096e2ad55987fe55f14b4c8a12e
Europe/Guernsey	3732	63454225987aa547bd9b47d41f274ee90de8d52c66c3c624d42508da55cf8cb0
Europe/Helsinki	1900	184901ecbb158667a0b7b62eb9685e083bc3182edbecdc3d6d3743192f6a9097
Europe/Isle_of_Man	3648	8c20e22715c8950b0a30c68f191d9fbf2ebef60189279f2ca99cbabc14ec1b12
Europe/Istanbul	1947	d92d00fdfed5c6fc84ac930c08fa8adf7002840dbd21590caf5a3e4a932d3319
Europe/Jersey	3732	7ae8f42ddba0b50ac3b52b23f967a0cd0da7cddbbfdbc711152b38d4146b673d
Europe/Kaliningrad	1493	b3b19749ed58bcc72cec089484735303a2389c03909ff2a6cff66a2583be2cc3
Europe/Kirov	1185	3fb4f665fe44a3aa382f80db83f05f8858d48138f47505e5af063e419d5e0559
Europe/Kyiv	2120	fb0ae91bd8cfb882853f5360055be7c6c3117fd2ff879cf727a4378e3d40c0d3
Europe/Lisbon	3527	92b07cb24689226bf934308d1f1bd33c306aa4da610c52cd5bce25077960502c
Europe/Ljubljana	1920	2267951ff4cc76cebc3e804b8cca03648c169ec16ce0cbf9e5dfbe51e748043f
Europe/London	3664	c85495070dca42687df6a1c3ee780a27cbcb82f1844750ea6f642833a44d29b4
Europe/Luxembourg	2946	f7be03bdffd7d50212286d732224c92487c66afa1b3b6d475154be1dfcac39c6
Europe/Madrid	2614	9a42d7d37ad6dedd2d9b328120f7bf9e852f6850c4af00baff964f659b161cea
Europe/Malta	2620	12129c6cf2f8efbeb9b56022439edcbac68ad9368842a64282d268119b3751dd
Europe/Mariehamn	1900	184901ecbb158667a0b7b62eb9685e083bc3182edbecdc3d6d3743192f6a9097
Europe/Minsk	1321	9a7f3acddacd5a92580df139d48cbd9f5f998b6a624f26fd10f692d80fae1894
Europe/Monaco	2944	e74b956576175ea7e7afe2b8b6c48d976e8265b463bbae42f924e9f35f305fce
Europe/Moscow	1535	2a69287d1723e93f0f876f0f242866f09569d77b91bde7fa4d9d06b8fcd4883c
Europe/Oslo	2228	51d0844618f5258a71de88e68a5691a32568478a8c035f8f12fea11b09e9b090
Europe/Paris	2962	ab77a1488a2dd4667a4f23072236e0d2845fe208405eec1b4834985629ba7af8
Europe/Podgorica	1920	3a95adb06156044fd2fa662841c0268c2b5af47c1b19000d9d299563d387093a
Europe/Prague	2301	fadd1d112954ec192506fb9421d7a22a80764fe4ae7b2eb116290437fec33167
Europe/Riga	2198	849dbfd26d6d696f48b80fa13323f99fe597ed83ab47485e2accc98609634569
Europe/Rome	2641	d5ade82cc4a232949b87d43157c84b2c355b66a6ac87cf6250ed6ead80b5018f
Europe/Samara	1215	cf68a79ea499f3f964132f1c23217d24cfc57e73b6b1665aa9e16a3a1f290fb3
Europe/San_Marino	2641	d5ade82cc4a232949b87d43157c84b2c355b66a6ac87cf6250ed6ead80b5018f
Europe/Sarajevo	1920	a3e49aca8bf331e3c6d0faf68ab466cde901c8051a8674e926acd2c66deaff57
Europe/Saratov	1183	04c7a3e3d1e5406db80960a1e5538436b0778cfb893d270fb3346d6fb32b2772
Europe/Simferopol	1469	b7397bc5d355499a6b342ba5e181392d2a6847d268ba398eabc55b6c1f301e27
Europe/Skopje	1920	50301171643800580da77e75187dc2f9ec2e0b40860578248c9c3dd0c348dcb8
Europe/Sofia	2077	84240a5df30dae7039c47370feecd38cacd5c38f81becab9a063b8c940afe6d6
Europe/Stockholm	1909	5e0a7819287cfa9cdd78978ff13436d235830d48f5ed1ebd87a4584db2d87768
Europe/Tallinn	2148	e1ae890b4688a4ccea215ecedf9ce81b42cb270910ab90285d9da2be489cebec
Europe/Tirane	2084	ced959c824bd5825de556f2706e9f74f28b91d463412d15b8816c473582e72ec
Europe/Ulyanovsk	1267	9c5b207154e64e2885cc7b722434673bedc7e064407c079c79be9bda31472d44
Europe/Vaduz	1888	a7b7adba7d5cbdab931406b197603bdb12f5b9952ca7e91cf8f17c5d729955c8
Europe/Vatican	2641	d5ade82cc4a232949b87d43157c84b2c355b66a6ac87cf6250ed6ead80b5018f
Europe/Vienna	2200	6662379000c4e9b9eb24471caa1ef75d7058dfa2f51b80e4a624d0226b4dad49
Europe/Vilnius	2162	505cd15f7a2b09307c77d23397124fcb9794036a013ee0aed54265fb60fb0b75
Europe/Volgograd	1193	46016fb7b9b367e4ed20a2fd0551e6a0d64b21e2c8ba20dd5de635d20dbfbe4b
Europe/Warsaw	2654	4e22c33db79517472480b54491a49e0da299f3072d7490ce97f1c4fd6779acab
Europe/Zagreb	1920	799e8a8826651db19a97b6231c4aca1813391e942ddaf289ceefcb1f868e620d
Europe/Zurich	1909	2b9418ed48e3d9551c84a4786e185bd2181d009866c040fbd729170d038629ef
Indian/Antananarivo	219	7c045fb862767cb86ae329a1a808dbfb8d04910550be71a4fcf5ebe5e5824c99
Indian/Chagos	199	db7076ea9c302b48315bb4cfefa1a5b7263e454fe8e911864ab17dde917b4b51
Indian/Christmas	165	2782345835ff2d8009c6cc76bd4d0477114940a444fab44bd54bcd42fd3da42b
Indian/Cocos	174	3d7fa4f09a6085a8e3be1963b418d6a336a2bbd361512a557a8002cb6700c4df
Indian/Comoro	149	4f2dc7f436427a68c992f877d9c331baffef0f65023fd9bca4c0dd697e88ff70
Indian/Kerguelen	165	a08bdde9b99014c2d479fa019f87357d04ce01ac0672b3dc9a07b68d4ec1b18a
Indian/Mahe	165	64d5e36a82ffa3ae7bdb15e0b204a66dde43fd291a09a6b2a25a523758def36c
Indian/Maldives	199	7544016eb9a8077a1d5ac32ddcad58527078e3b03a9e45b7691d5a1f374b17b3
Indian/Mauritius	241	93abd651571f537812d4ad767bf68cc3a05e49d32f74bc822510802fb083d20a
Indian/Mayotte	149	ab52952d2b74e897e330f67b329a0a4c7d34e9e585cce1ada8a10cbd4d11523f
Indian/Reunion	165	9479d2561ec2602b83044338758b160e4d34e81480ce79023f18e24ed2ff5a22
Pacific/Apia	612	726e92e83d15747b1da8b264ba95091faa4bca76a8e50970a4c99123d9b9647e
Pacific/Auckland	2437	8000e3a323e8fd0212414e9426b020707a771c368ca0e151747f9ddb7b814b27
Pacific/Bougainville	268	64a0dafd2ff68129663968b35750eac47df06c4e7cadf2b5bca64766aaebb632
Pacific/Chatham	2068	96456a692175596a6ffc1d8afa4dae269dac7ad4552ba5db8ec437f200c65448
Pacific/Chuuk	269	e886032958ae4430bf455c750093b16b35444fa719b5dbff2c513ac5bb4622d2
Pacific/Easter	2233	64eefdb1ed60766dd954d0fdaf98b5162ad501313612ce55f61fdd506b0788d3
Pacific/Efate	538	a46e0d31578cde10494d99d99aa78bab3dd0e680a08135b81cef91f457bddba0
Pacific/Fakaofo	200	828c3e4a0139af973c27f020e67bc9e5250f0e0eb21fca6d87f6be40b0dc3eff
Pacific/Fiji	578	c955305c2fc9c0bc9f929adf08d4e7580add30ba925c600e7a479ee37b191a23
Pacific/Funafuti	166	3fe5d8c25590a56bd2dd0fd36057b7ec1ae0c4a272e6d83b3c71103420c6bf95
Pacific/Galapagos	238	31db650be7dfa7cade202cc3c6c43cb5632c4e4ab965c37e8f73b2ca18e8915f
Pacific/Gambier	164	cfa79817cb2cccb8e47e9aa65a76c1040501fa26da4799e874a68061bbd739ed
Pacific/Guadalcanal	166	e865fe5e9c5c0b203ae2a50c77124c14cab8b0f93466385ec6a19baf2cdf8231
Pacific/Guam	494	131f739e67faacd7c6cdeea036964908caf54d3e2b925d929eb85e72b749b9f2
Pacific/Honolulu	329	7f03d1bf5264e7ab023a2ef9b997ddfc8cb6936692407c770762b9c549523f33
Pacific/Kanton	234	52f13b7d5b79bc64bb968297d7489b84d8a596288dab0bd001757d3518588603
Pacific/Kiritimati	238	5474778aec22bf7b71eb95ad8ad5470a840483754977cd76559e5d8ee4b25317
Pacific/Kosrae	351	566e40288e8dbee612cf9f2cf3ddb658d2225a8a8f722c7624e24e8b1d669525
Pacific/Kwajalein	316	2f89c7deac6fe4404a551c58b7aedbf487d97c1ce0e4a264d7d8aeef1de804c9
Pacific/Majuro	310	0f0aa1ee05e8cfb0eec2ed67ed717cc848e133850b12ce362d2432cbb17eab34
Pacific/Marquesas	173	bb3b2356896eb46457a7f1519ef5e85340290c46f865a628cffafad03ee3b9f8
Pacific/Midway	217	9b903c517a790a878e17f41acd44f8782af3963a4673ae296d93ab906494cad9
Pacific/Nauru	252	a06c68718b2ab2c67f11e4077f77143f9720d2ab6acf1d41ce81235568c4ffb8
Pacific/Niue	203	29cd01460b2eee0d904d1f5edfb0eea91a35b140960c5328c00438c0ee98350d
Pacific/Norfolk	880	09d11733d48a602f569fb68cc43dac5798bccc4f3c350a36e59fcbf3be09b612
Pacific/Noumea	304	1526a7a4038213b58741e8a8a78404aca57d642dd3ceed86c641fcfad217b076
Pacific/Pago_Pago	175	7c262b62985863aad47f13b0ef5db2e5cc917b5d38002de9a2ea83ddb0883458
Pacific/Palau	180	0915bffcc7173e539ac68d92f641cc1da05d8efeeee7d65613062e242a27ce64
Pacific/Pitcairn	202	3bae4477514e085ff4ac48e960f02ab83c2d005de1c7224d8ae8e0a60655d247
Pacific/Pohnpei	303	62a5eb2b08e1527c56c95e8f160d4bebfceef3831f3d6f36772a5fd12ee91ed4
Pacific/Port_Moresby	186	7a2fd78e68910cb87e454f78bafcfd0822084451f5af45fb58bfac07ee8317ad
Pacific/Rarotonga	603	deeaf48e2050a94db457228c2376d27c0f8705a43e1e18c4953aac1d69359227
Pacific/Saipan	480	f1d685991ea1f04d186f9c9920b6d5905220348b5291a34be8be71f4aa717774
Pacific/Tahiti	165	f62a335d11580e104e2e28e60e4da6452e0c6fe2d7596d6eee7efdd2304d2b13
Pacific/Tarawa	166	bd3e94c56eca786a6d761f34163f404804c698bc7c59a8badf494c2f89b083cd
Pacific/Tongatapu	372	6f44db6da6015031243c8a5c4be12720a099e4a4a0d8734e188649f4f6bc4c42
Pacific/Wake	166	75327195d81c69dfa41ab383c28e1c0071914ac4be2b77e3799eb65845219859
Pacific/Wallis	166	080970d47e60904479964bed98763ea69a062f784d998c5f31a5d0a48d1f4ce1
UTC	114	8b85846791ab2c8a5463c83a5be3c043e2570d7448434d41398969ed47e3e6f2
